,index,city,population
0,0,A Coruña,245468.0
1,1,Aachen,248960.0
2,44,Abbotsford,141397.0
3,60,Aberdeen,200680.0
4,68,Abidjan,4980000.0
5,70,Abilene,123420.0
6,73,Abington,55459.0
7,133,Accra,2291352.0
8,162,Acton,23627.0
9,187,Addis,6221.0
10,189,Addison,36482.0
11,192,Adelaide,1295714.0
12,258,Agawam,28613.0
13,300,Aguadilla,10739.0
14,353,Aiken,30869.0
15,375,Airdrie,61581.0
16,453,Akron,565208.0
17,581,Alameda,77624.0
18,586,Alamogordo,33513.0
19,614,Albany,586383.0
20,619,Albemarle,17185.0
21,646,Albuquerque,761195.0
22,724,Alexandria,4870000.0
23,790,Aliso Viejo,50887.0
24,807,Allegan,6350.0
25,810,Allen,105623.0
26,811,Allen Park,26940.0
27,812,Allendale,21672.0
28,816,Allentown,683794.0
29,832,Alma,30904.0
30,894,Alpharetta,67213.0
31,917,Altadena,44850.0
32,924,Altamonte Springs,44143.0
33,977,Alton,78905.0
34,978,Altoona,74829.0
35,986,Altus,18418.0
36,995,Alvarado,52927.0
37,1043,Amarillo,205603.0
38,1072,Ambler,6491.0
39,1090,American Fork,33161.0
40,1094,Amersfoort,156286.0
41,1096,Ames,67910.0
42,1097,Amesbury,17532.0
43,1101,Amherst,125509.0
44,1110,Amityville,9399.0
45,1113,Amman,4007526.0
46,1115,Ammon,17115.0
47,1122,Amory,6794.0
48,1136,Amsterdam,862965.0
49,1161,Anaconda,9140.0
50,1162,Anacortes,18563.0
51,1169,Anaheim,350365.0
52,1194,Anchorage,288000.0
53,1211,Anderson,85992.0
54,1226,Andover,35816.0
55,1291,Ankeny,67355.0
56,1296,Ann Arbor,322267.0
57,1305,Annandale,43295.0
58,1306,Annapolis,39223.0
59,1309,Annecy,128199.0
60,1371,Antwerp,529247.0
61,1403,Apache Junction,42571.0
62,1421,Apex,59300.0
63,1439,Apple Valley,73453.0
64,1440,Appleton,220570.0
65,1569,Arcadia,57939.0
66,1599,Ardmore,24698.0
67,1603,Ardrossan,10670.0
68,1669,Arkadelphia,10726.0
69,1674,Arles,51031.0
70,1676,Arlington,398854.0
71,1677,Arlington Heights,74760.0
72,1700,Arnold,23406.0
73,1733,Arroyo Grande,54177.0
74,1769,Arvada,121272.0
75,1816,Asbury Park,15408.0
76,1837,Ashburn,49848.0
77,1840,Asheboro,39192.0
78,1841,Asheville,312507.0
79,1850,Ashland,24430.0
80,1877,Asmara,963000.0
81,1885,Aspen,8569.0
82,1935,Atascadero,30075.0
83,1946,Athens,664046.0
84,1950,Athol,11713.0
85,1958,Atlanta,5449398.0
86,1961,Atlantic City,237054.0
87,1981,Attleboro,45237.0
88,2001,Auburn,92777.0
89,2002,Auburn Hills,24748.0
90,2009,Auckland,1346091.0
91,2020,Augusta,390809.0
92,2038,Aurora,379289.0
93,2041,Austell,7170.0
94,2043,Austin,1687311.0
95,2086,Avon Lake,24504.0
96,2128,Ayer,8106.0
97,2130,Aylesbury,83407.0
98,2388,Badajoz,150610.0
99,2501,Bainbridge Island,25298.0
100,2532,Bakersfield,579295.0
101,2609,Ballarat,98543.0
102,2618,Ballston Spa,5226.0
103,2636,Baltimore,2106068.0
104,2832,Bangalore,13999000.0
105,2837,Bangkok,17573000.0
106,2839,Bangor,61011.0
107,2860,Bannockburn,6840.0
108,2931,Barcelona,4735000.0
109,2942,Bardstown,21184.0
110,2977,Barnstable,242847.0
111,3028,Barrie,172657.0
112,3029,Barrington,16131.0
113,3044,Bartlesville,39301.0
114,3045,Bartlett,59440.0
115,3082,Basel,177827.0
116,3090,Basingstoke,107355.0
117,3128,Batavia,26420.0
118,3132,Batesville,12220.0
119,3133,Bath,94782.0
120,3142,Baton Rouge,570308.0
121,3188,Bay City,66107.0
122,3194,Bay St. Louis,14034.0
123,3249,Beachwood,11590.0
124,3250,Beacon,13968.0
125,3268,Beaufort,53051.0
126,3273,Beaumont,146091.0
127,3287,Beaverton,99037.0
128,3304,Bedford,92407.0
129,3306,Bedminster,8045.0
130,3344,Beijing,19437000.0
131,3393,Belfast,333871.0
132,3434,Belleville,50716.0
133,3435,Bellevue,148164.0
134,3439,Bellingham,130641.0
135,3456,Belmont,26941.0
136,3461,Belo Horizonte,5159000.0
137,3489,Beltsville,17812.0
138,3510,Bemidji,16807.0
139,3530,Bend,109802.0
140,3583,Bennington,15097.0
141,3588,Bensenville,18044.0
142,3598,Benton,36820.0
143,3600,Bentonville,54909.0
144,3626,Berea,18609.0
145,3644,Bergen,257087.0
146,3662,Berkeley,121363.0
147,3669,Berlin,3664088.0
148,3683,Berne,5830.0
149,3697,Berryville,5550.0
150,3711,Berwick,9903.0
151,3712,Berwyn,54391.0
152,3728,Bessemer,26472.0
153,3743,Bethel,19663.0
154,3745,Bethesda,63195.0
155,3746,Bethlehem,75815.0
156,3765,Beverly,42174.0
157,3766,Beverly Hills,33792.0
158,3879,Biddeford,21504.0
159,3944,Billings,120728.0
160,3954,Biloxi,46212.0
161,3976,Binghamton,148145.0
162,4018,Birmingham,1137100.0
163,4048,Bishop,9597.0
164,4059,Bismarck,98345.0
165,4103,Blackpool,139305.0
166,4105,Blacksburg,91888.0
167,4117,Blaine,65607.0
168,4163,Bloomfield,49260.0
169,4166,Bloomington,133846.0
170,4170,Blue Bell,6250.0
171,4176,Bluffdale,16358.0
172,4177,Bluffton,25557.0
173,4211,Boardman,34431.0
174,4224,Boca Chica,142019.0
175,4225,Boca Raton,99805.0
176,4276,Bogota,8335.0
177,4303,Boise,389280.0
178,4328,Bolingbrook,74545.0
179,4330,Bolivar,11067.0
180,4421,Bonita Springs,421291.0
181,4424,Bonn,330579.0
182,4468,Bordeaux,257068.0
183,4553,Boston,4688346.0
184,4557,Bothell,47415.0
185,4615,Boulder,124345.0
186,4616,Boulder City,16207.0
187,4629,Bountiful,43981.0
188,4645,Bournemouth,187503.0
189,4667,Bowling Green,95135.0
190,4671,Boxborough,5561.0
191,4679,Boynton Beach,78679.0
192,4682,Bozeman,57695.0
193,4699,Bracknell,77256.0
194,4701,Bradenton,59439.0
195,4703,Bradford,293277.0
196,4719,Brainerd,19583.0
197,4720,Braintree,37190.0
198,4725,Brambleton,21358.0
199,4728,Brampton,593638.0
200,4730,Branchburg,14480.0
201,4738,Brandon,115911.0
202,4742,Branford,28020.0
203,4750,Brantford,97496.0
204,4761,Bratislava,475503.0
205,4765,Brattleboro,11524.0
206,4770,Braunschweig,248561.0
207,4779,Brea,43255.0
208,4817,Bremen,566573.0
209,4818,Bremerhaven,113634.0
210,4819,Bremerton,218400.0
211,4827,Brentwood,64474.0
212,4834,Brest,340318.0
213,4843,Brewster,9837.0
214,4859,Brick,75342.0
215,4862,Bridgeport,924449.0
216,4866,Bridgewater,44467.0
217,4878,Brigham City,19601.0
218,4881,Brighton,134293.0
219,4893,Brisbane,2360241.0
220,4896,Bristol,567111.0
221,4914,Brockton,95708.0
222,4915,Brockville,21854.0
223,4919,Broken Arrow,110198.0
224,4932,Bronx,1418207.0
225,4938,Brookfield,39115.0
226,4941,Brookline,59180.0
227,4942,Brooklyn,2559903.0
228,4944,Brooklyn Park,80389.0
229,4949,Brookville,5874.0
230,4952,Broomfield,70465.0
231,4969,Brownsville,227239.0
232,5003,Brunswick,53914.0
233,5011,Brussels,1743000.0
234,5017,Bryan,86276.0
235,5060,Bucharest,1883425.0
236,5070,Buckhannon,8351.0
237,5083,Budapest,1723836.0
238,5110,Buffalo,914341.0
239,5111,Buffalo Grove,40494.0
240,5112,Buford,15522.0
241,5209,Burbank,102511.0
242,5227,Burgos,174051.0
243,5254,Burleson,48225.0
244,5256,Burlingame,30889.0
245,5257,Burlington,183314.0
246,5258,Burnaby,232755.0
247,5262,Burnsville,61339.0
248,5322,Butler,37796.0
249,5370,Byron Bay,5521.0
250,5713,Calgary,1239220.0
251,5716,Calhoun,34754.0
252,5719,California,14815.0
253,5750,Calumet City,35913.0
254,5786,Camarillo,76931.0
255,5804,Cambridge,129920.0
256,5811,Camden,73562.0
257,5830,Camp Hill,7905.0
258,5835,Camp Verde,11187.0
259,5843,Campbell,41793.0
260,5844,Campbell River,35138.0
261,5931,Canberra,381488.0
262,5986,Cannock,67768.0
263,6008,Canton,269418.0
264,6038,Cape Canaveral,10470.0
265,6042,Cape Girardeau,56551.0
266,6044,Cape Town,433688.0
267,6126,Carbondale,65671.0
268,6177,Carlinville,5514.0
269,6178,Carlisle,75399.0
270,6185,Carlsbad,115382.0
271,6194,Carmel,101068.0
272,6245,Carpinteria,13385.0
273,6263,Carrollton,139248.0
274,6268,Carson,91394.0
275,6269,Carson City,58756.0
276,6286,Cary,170282.0
277,6341,Casper,67598.0
278,6448,Castlegar,8039.0
279,6501,Catonsville,41547.0
280,6580,Cedar Falls,40536.0
281,6581,Cedar Grove,12516.0
282,6587,Cedar Rapids,188038.0
283,6611,Celina,16299.0
284,6630,Centennial,110937.0
285,6632,Center,11502.0
286,6652,Centralia,42922.0
287,6656,Centreville,74125.0
288,6668,Ceres,48706.0
289,6688,Cerritos,49859.0
290,6776,Chambersburg,53083.0
291,6784,Chamonix-Mont-Blanc,8648.0
292,6789,Champaign,159443.0
293,6809,Chandler,261165.0
294,6837,Chanhassen,26389.0
295,6848,Chantilly,24368.0
296,6866,Chapel Hill,64051.0
297,6888,Charles Town,24094.0
298,6889,Charleston,628377.0
299,6890,Charlestown,8370.0
300,6893,Charlotte,1512923.0
301,6895,Charlottesville,100416.0
302,6896,Charlottetown,42602.0
303,6897,Charlton,13550.0
304,6911,Chaska,26989.0
305,6916,Chatham,101647.0
306,6918,Chatsworth,6630.0
307,6919,Chattanooga,415501.0
308,6965,Chelmsford,115369.0
309,6966,Chelsea,39690.0
310,6967,Cheltenham,116447.0
311,6973,Chemnitz,243487.0
312,6988,Chennai,11564000.0
313,6997,Cheraw,7757.0
314,7019,Cherry Hill,70965.0
315,7031,Chesapeake,244835.0
316,7034,Cheshire,29147.0
317,7038,Chester,87507.0
318,7039,Chesterfield,47538.0
319,7042,Chestertown,6878.0
320,7053,Chevy Chase,9622.0
321,7054,Cheyenne,79484.0
322,7081,Chicago,8604203.0
323,7085,Chichester,30925.0
324,7092,Chickasha,16431.0
325,7096,Chico,117668.0
326,7102,Chicopee,55126.0
327,7134,Chillicothe,31999.0
328,7135,Chilliwack,83788.0
329,7300,Christchurch,383200.0
330,7315,Chula Vista,274492.0
331,7334,Church Hill,6664.0
332,7442,Cincinnati,1662691.0
333,7475,Citrus Heights,87796.0
334,7562,Claremont,36266.0
335,7573,Clarksburg,40403.0
336,7585,Clawson,11845.0
337,7590,Clayton,24887.0
338,7592,Clearfield,32118.0
339,7595,Clearwater,116946.0
340,7599,Clemson,17501.0
341,7600,Clermont,38654.0
342,7605,Cleveland,1710093.0
343,7614,Clifton Park,36663.0
344,7617,Clinton,39018.0
345,7624,Cloquet,12813.0
346,7632,Cluj-Napoca,324576.0
347,7664,Cobourg,19440.0
348,7682,Cocoa,18603.0
349,7702,Coeur d'Alene,116834.0
350,7728,Cold Spring,6571.0
351,7754,College Park,32163.0
352,7756,College Station,215243.0
353,7758,Collegeville,5174.0
354,7766,Collingswood,13884.0
355,7778,Cologne,1083498.0
356,7785,Colombo,752993.0
357,7797,Colorado Springs,642413.0
358,7803,Columbia,560041.0
359,7805,Columbia Falls,7556.0
360,7810,Columbus,1562009.0
361,7812,Colville,5135.0
362,7842,Commack,36953.0
363,7844,Commerce,12661.0
364,7885,Concord,652308.0
365,7928,Conroe,91079.0
366,7933,Conshohocken,8047.0
367,7956,Conway,74951.0
368,7958,Conyers,16256.0
369,7965,Coon Rapids,62998.0
370,7972,Copenhagen,1085000.0
371,7989,Coral Gables,49700.0
372,7991,Coral Springs,133759.0
373,7993,Coralville,22290.0
374,8031,Corinth,22099.0
375,8035,Cork,208669.0
376,8049,Corner Brook,19806.0
377,8051,Corning,19296.0
378,8053,Cornwall,46589.0
379,8082,Corpus Christi,342464.0
380,8106,Cortland,26729.0
381,8118,Corvallis,67467.0
382,8133,Costa Mesa,113003.0
383,8141,Cotati,7410.0
384,8150,Cottage Grove,37604.0
385,8165,Council Bluffs,62166.0
386,8198,Coventry,362690.0
387,8201,Covina,47450.0
388,8202,Covington,40341.0
389,8231,Cranston,81456.0
390,8241,Crawley,106597.0
391,8250,Crescent City,16849.0
392,8257,Creston,7713.0
393,8267,Crewe,73241.0
394,8309,Crossville,17825.0
395,8313,Crown Point,30488.0
396,8315,Croydon,10034.0
397,8331,Crystal City,7255.0
398,8332,Crystal Lake,39829.0
399,8367,Cuernavaca,338650.0
400,8402,Cullowhee,6377.0
401,8404,Culver City,39185.0
402,8409,Cumberland,47980.0
403,8414,Cumming,6547.0
404,8426,Cupertino,59276.0
405,8440,Curitiba,1879355.0
406,8476,Cuyahoga Falls,49106.0
407,8485,Cypress,49006.0
408,8544,Dachau,47400.0
409,8554,Daegu,2461002.0
410,8605,Dallas,5743938.0
411,8613,Dalton,86628.0
412,8616,Daly City,106280.0
413,8639,Dana Point,33577.0
414,8642,Danbury,176030.0
415,8661,Danvers,27586.0
416,8662,Danville,47059.0
417,8699,Darmstadt,159207.0
418,8705,Dartmouth,34204.0
419,8709,Darwin,136828.0
420,8744,Davis,76997.0
421,8770,Dayton,718353.0
422,8771,Daytona Beach,69186.0
423,8788,De Soto,7141.0
424,8794,DeKalb,66959.0
425,8795,DeLand,34851.0
426,8796,DeRidder,13354.0
427,8799,Dearborn,93932.0
428,8800,Dearborn Heights,55353.0
429,8813,Decatur,87236.0
430,8818,Dedham,25283.0
431,8825,Deerfield,18646.0
432,8826,Deerfield Beach,81066.0
433,8828,Defiance,18460.0
434,8853,Delaware,41283.0
435,8856,Delft,100011.0
436,8859,Delhi,31870000.0
437,8873,Delray Beach,69451.0
438,8909,Dennis,13939.0
439,8915,Denton,457177.0
440,8917,Denver,2876625.0
441,8928,Derby,255394.0
442,8935,Derry,85016.0
443,8940,Des Moines,473957.0
444,8942,Des Plaines,58899.0
445,8967,Detroit,3506126.0
446,8990,Devon,6578.0
447,9001,Dhaka,16839000.0
448,9047,Dickinson,23133.0
449,9230,Dodge City,27104.0
450,9239,Doha,1186023.0
451,9310,Doncaster,109805.0
452,9384,Dortmund,587696.0
453,9439,Douglas,27938.0
454,9442,Douglasville,33992.0
455,9460,Dover,117282.0
456,9467,Downers Grove,49057.0
457,9470,Doylestown,17431.0
458,9488,Draper,48587.0
459,9499,Dresden,554907.0
460,9508,Dripping Springs,5708.0
461,9550,Dubai,2502715.0
462,9552,Dubbo,38943.0
463,9553,Dublin,553165.0
464,9564,Dubuque,68109.0
465,9592,Duluth,119476.0
466,9623,Duncanville,38751.0
467,9625,Dundee,148280.0
468,9628,Dunedin,99885.0
469,9630,Dunfermline,53100.0
470,9654,Durango,654876.0
471,9662,Durham,424700.0
472,9731,Düsseldorf,645923.0
473,9755,Eagan,66372.0
474,9757,Eagle,29796.0
475,9775,East Brunswick,47819.0
476,9778,East Chicago,27817.0
477,9797,East Greenbush,16352.0
478,9802,East Hampton,21952.0
479,9803,East Hanover,11072.0
480,9804,East Hartford,50272.0
481,9818,East Lansing,48145.0
482,9820,East Liverpool,29898.0
483,9830,East Moline,20645.0
484,9846,East Providence,47618.0
485,9860,East Stroudsburg,57577.0
486,9865,East Windsor,27245.0
487,9871,Easthampton,15829.0
488,9876,Easton,27189.0
489,9884,Eatontown,12157.0
490,9885,Eau Claire,107404.0
491,9942,Eden Prairie,64893.0
492,9951,Edina,52857.0
493,9954,Edinburgh,488050.0
494,9960,Edison,100447.0
495,9962,Edmond,94054.0
496,9963,Edmonds,42605.0
497,9964,Edmonton,1062643.0
498,9969,Edson,8414.0
499,9980,Effingham,14005.0
500,10020,Eindhoven,231642.0
501,10074,El Dorado,17706.0
502,10117,El Monte,115487.0
503,10125,El Paso,843386.0
504,10194,Elgin,110849.0
505,10204,Elizabeth,129216.0
506,10207,Elizabethtown,78002.0
507,10214,Elkhart,147567.0
508,10218,Elko,21179.0
509,10219,Elkridge,21458.0
510,10220,Elkton,15622.0
511,10223,Ellensburg,24377.0
512,10230,Ellicott City,72665.0
513,10242,Elmhurst,46746.0
514,10243,Elmira,62989.0
515,10248,Elmwood Park,24098.0
516,10270,Elyria,53757.0
517,10289,Emeryville,12086.0
518,10303,Emporia,24598.0
519,10325,Enfield,44143.0
520,10339,Englewood,34917.0
521,10416,Erie,184484.0
522,10423,Erlanger,19246.0
523,10458,Esbjerg,72205.0
524,10465,Escanaba,20094.0
525,10475,Escondido,151625.0
526,10498,Española,25952.0
527,10517,Espoo,269802.0
528,10529,Essen,582415.0
529,10531,Essex,39437.0
530,10554,Estero,33871.0
531,10557,Estevan,11258.0
532,10588,Euclid,46550.0
533,10591,Eufaula,11709.0
534,10593,Eugene,273439.0
535,10601,Eureka,44236.0
536,10609,Evanston,73473.0
537,10610,Evansville,230427.0
538,10614,Everett,111475.0
539,10626,Ewing,36037.0
540,10629,Exeter,124180.0
541,10632,Exton,5382.0
542,10674,Fair Lawn,32896.0
543,10678,Fairbanks,63245.0
544,10681,Fairfax,24019.0
545,10682,Fairfax Station,12046.0
546,10683,Fairfield,148683.0
547,10703,Falcon Heights,5528.0
548,10710,Fall River,89541.0
549,10712,Fallon,16313.0
550,10714,Falls Church,14617.0
551,10717,Falmouth,31124.0
552,10745,Fargo,208675.0
553,10748,Faribault,24250.0
554,10755,Farmington,51309.0
555,10756,Farmington Hills,80612.0
556,10794,Fayetteville,351246.0
557,10935,Findlay,48469.0
558,10958,Fishers,95310.0
559,10965,Fitchburg,40638.0
560,10976,Flagstaff,81974.0
561,10998,Flint,332190.0
562,11007,Florence,380948.0
563,11023,Florham Park,11496.0
564,11027,Florida,71676.0
565,11043,Flowood,9380.0
566,11067,Folsom,81328.0
567,11102,Fords,15250.0
568,11108,Forest Hill,12988.0
569,11111,Forest Park,20020.0
570,11144,Fort Belvoir,7967.0
571,11146,Fort Bragg,10374.0
572,11149,Fort Collins,312666.0
573,11159,Fort Knox,8695.0
574,11160,Fort Lauderdale,182437.0
575,11161,Fort Lee,38605.0
576,11167,Fort Meade,10873.0
577,11172,Fort Myers,87103.0
578,11177,Fort Pierce,46103.0
579,11179,Fort Plain,5488.0
580,11183,Fort Rucker,5311.0
581,11188,Fort Smith,125354.0
582,11189,Fort St. John,20155.0
583,11194,Fort Walton Beach,22521.0
584,11195,Fort Washington,24237.0
585,11196,Fort Wayne,334122.0
586,11199,Fort Worth,909585.0
587,11220,Foster City,33901.0
588,11229,Fountain,30735.0
589,11232,Fountain Valley,55357.0
590,11253,Framingham,74416.0
591,11278,Frankfort,38852.0
592,11280,Frankfurt,764104.0
593,11283,Franklin,83097.0
594,11286,Franklin Lakes,11119.0
595,11293,Fraser,14480.0
596,11307,Frederick,156787.0
597,11308,Fredericksburg,168909.0
598,11311,Fredericton,58220.0
599,11313,Fredonia,20997.0
600,11317,Freeport,42956.0
601,11319,Freetown,951000.0
602,11336,Fremont,241110.0
603,11346,Fresno,703498.0
604,11360,Friedrichsdorf,25194.0
605,11370,Frisco,200490.0
606,11458,Fullerton,138632.0
607,11462,Fulton,12596.0
608,11522,Fürth,127748.0
609,11547,Gadsden,60944.0
610,11569,Gainesville,202335.0
611,11571,Gaithersburg,67985.0
612,11583,Galax,6347.0
613,11599,Gallatin,42918.0
614,11617,Galveston,50446.0
615,11618,Galway,79504.0
616,11701,Garden City,29659.0
617,11703,Garden Grove,171644.0
618,11708,Gardiner,5653.0
619,11709,Gardner,22031.0
620,11722,Garland,239928.0
621,11727,Garner,31407.0
622,11763,Gatesville,12401.0
623,11765,Gatineau,276245.0
624,11811,Geelong,184182.0
625,11872,Geneva,201818.0
626,11881,Gent,262219.0
627,11893,Georgetown,200500.0
628,11911,Germantown,90582.0
629,11957,Ghent,5132.0
630,11997,Gig Harbor,10717.0
631,12007,Gilbert,254114.0
632,12009,Gilbertsville,5438.0
633,12094,Glasgow,626410.0
634,12098,Glassboro,20288.0
635,12100,Glastonbury,34564.0
636,12107,Glen Allen,15488.0
637,12108,Glen Burnie,69872.0
638,12111,Glen Ellyn,27714.0
639,12120,Glendale,252381.0
640,12121,Glendale Heights,33617.0
641,12123,Glendora,51544.0
642,12129,Glennville,5020.0
643,12134,Glens Falls,63499.0
644,12139,Glenview,47308.0
645,12154,Gloucester,145563.0
646,12157,Gloversville,27512.0
647,12220,Gold Coast,638090.0
648,12225,Golden,20767.0
649,12232,Goldsboro,57278.0
650,12246,Goma,249862.0
651,12275,Goodyear,86840.0
652,12341,Gothenburg,604829.0
653,12416,Granbury,37996.0
654,12420,Grand Forks,64748.0
655,12421,Grand Haven,11047.0
656,12423,Grand Junction,139143.0
657,12425,Grand Prairie,194543.0
658,12426,Grand Rapids,609314.0
659,12435,Grande Prairie,63166.0
660,12440,Grandville,15858.0
661,12455,Grants,11833.0
662,12459,Grapevine,55281.0
663,12483,Graz,289440.0
664,12494,Great Falls,65131.0
665,12506,Greeley,137810.0
666,12508,Green Bay,207557.0
667,12513,Green River,11906.0
668,12516,Greenbelt,23224.0
669,12520,Greencastle,10567.0
670,12522,Greene,17667.0
671,12524,Greenfield,37221.0
672,12528,Greensboro,343090.0
673,12529,Greensburg,14113.0
674,12531,Greenville,484465.0
675,12532,Greenwich,62587.0
676,12533,Greenwood,59458.0
677,12534,Greenwood Village,15735.0
678,12566,Griffin,22813.0
679,12574,Grimes,14804.0
680,12579,Grinnell,9116.0
681,12590,Groningen,201462.0
682,12603,Groton,38825.0
683,12610,Grove City,41820.0
684,12611,Groveland,16423.0
685,12824,Guelph,131794.0
686,12853,Guildford,77057.0
687,12893,Gulfport,220987.0
688,13016,Göttingen,119801.0
689,13085,Hackensack,44188.0
690,13104,Hadley,5319.0
691,13115,Hagerstown,184755.0
692,13171,Halesowen,58135.0
693,13178,Halifax,403131.0
694,13206,Hamburg,1852478.0
695,13209,Hamden,60982.0
696,13213,Hamilton,693645.0
697,13217,Hamlet,6328.0
698,13227,Hammond,75522.0
699,13231,Hampshire,6251.0
700,13233,Hampton,134510.0
701,13267,Hannibal,17884.0
702,13268,Hannover,542668.0
703,13272,Hanoi,8246600.0
704,13273,Hanover,68165.0
705,13320,Harlingen,136037.0
706,13326,Harper Woods,13746.0
707,13333,Harrisburg,442289.0
708,13335,Harrison,28943.0
709,13336,Harrisonburg,72386.0
710,13339,Harrodsburg,8916.0
711,13340,Harrogate,73576.0
712,13347,Hartford,905152.0
713,13350,Hartland,9320.0
714,13354,Hartsville,14693.0
715,13397,Hatfield,17646.0
716,13407,Hattiesburg,80138.0
717,13415,Hauppauge,20005.0
718,13427,Haverford,49283.0
719,13428,Haverhill,64014.0
720,13433,Havre,10155.0
721,13448,Hawthorne,86068.0
722,13460,Hayward,159203.0
723,13476,Healdsburg,11845.0
724,13515,Heilbronn,126458.0
725,13535,Helena,52936.0
726,13558,Helsinki,642045.0
727,13563,Hemel Hempstead,94932.0
728,13565,Hemet,177253.0
729,13574,Henderson,320189.0
730,13575,Hendersonville,58113.0
731,13602,Hercules,26276.0
732,13606,Heredia,18988.0
733,13607,Hereford,63024.0
734,13626,Hermosillo,855563.0
735,13630,Herndon,24601.0
736,13631,Herne,156374.0
737,13651,Hershey,14654.0
738,13701,Hiawatha,7420.0
739,13704,Hickory,218323.0
740,13730,High Point,179913.0
741,13736,Highland,55417.0
742,13738,Highland Heights,8373.0
743,13744,Highlands Ranch,105631.0
744,13766,Hilliard,36534.0
745,13767,Hillsboro,109128.0
746,13768,Hillsborough,39542.0
747,13769,Hillsdale,11223.0
748,13774,Hilo,45056.0
749,13783,Hilversum,87817.0
750,13793,Hinckley,45249.0
751,13830,Hiroshima,1198021.0
752,13864,Hobart,222356.0
753,13867,Hoboken,52677.0
754,13885,Hoffman Estates,50932.0
755,13912,Holbrook,25824.0
756,13924,Holland,100432.0
757,13938,Hollywood,154817.0
758,13939,Holmdel,16609.0
759,13987,Hong Kong,7398000.0
760,14002,Honolulu,820987.0
761,14004,Hood River,15949.0
762,14022,Hopewell,22529.0
763,14024,Hopkins,18468.0
764,14026,Hopkinton,17598.0
765,14068,Horsham,26487.0
766,14069,Horst,5709.0
767,14091,Houghton,15543.0
768,14098,Houston,5464251.0
769,14107,Howell,51959.0
770,14185,Huber Heights,38154.0
771,14189,Huddersfield,162949.0
772,14191,Hudson,25356.0
773,14235,Hull,10455.0
774,14260,Huntersville,58098.0
775,14263,Huntingdon,23732.0
776,14264,Huntington,201718.0
777,14265,Huntington Beach,199223.0
778,14270,Huntsville,319249.0
779,14290,Hutchinson,42531.0
780,14311,Hyattsville,18230.0
781,14313,Hyde Park,20954.0
782,14493,Idaho Falls,100442.0
783,14718,Independence,116672.0
784,14727,Indianapolis,1588961.0
785,14755,Ingolstadt,136981.0
786,14778,Innsbruck,132493.0
787,14795,Inverness,47290.0
788,14799,Inwood,9892.0
789,14810,Ionia,14122.0
790,14811,Iowa City,118041.0
791,14839,Ipswich,290000.0
792,14848,Iqaluit,7740.0
793,14882,Ironwood,6448.0
794,14889,Irvine,287401.0
795,14890,Irving,239798.0
796,14891,Irvington,54079.0
797,14909,Iselin,18175.0
798,14928,Ishpeming,12198.0
799,14942,Islamabad,1014825.0
800,14948,Islip,331499.0
801,14967,Issaquah,39509.0
802,15083,Itasca,9805.0
803,15100,Ithaca,55137.0
804,15246,Jackson,325350.0
805,15247,Jacksonville,1181496.0
806,15248,Jacksonville Beach,23628.0
807,15323,Jamestown,40493.0
808,15397,Jasper,16477.0
809,15428,Jefferson,21035.0
810,15429,Jefferson City,58025.0
811,15433,Jeffersonville,48126.0
812,15447,Jena,111407.0
813,15473,Jersey City,262075.0
814,15482,Jessup,9509.0
815,15634,Johannesburg,4434827.0
816,15637,Johnson City,127571.0
817,15639,Johnston,29307.0
818,15641,Johnstown,63141.0
819,15647,Joliet,147344.0
820,15653,Jonesboro,78394.0
821,15657,Joplin,84048.0
822,15738,Juneau,31974.0
823,15746,Jupiter,65791.0
824,15763,Jurupa Valley,109527.0
825,15846,Kabul,4273156.0
826,15919,Kajaani,37622.0
827,15944,Kalamazoo,215193.0
828,16057,Kamloops,100046.0
829,16061,Kampala,1659600.0
830,16141,Kannapolis,50841.0
831,16148,Kansas City,1636715.0
832,16167,Kapaa,10580.0
833,16206,Karachi,15292000.0
834,16255,Karlsruhe,308436.0
835,16320,Kassel,201048.0
836,16372,Katy,21729.0
837,16438,Kearney,34418.0
838,16448,Keene,22786.0
839,16470,Kelowna,142146.0
840,16507,Kennebunk,11424.0
841,16511,Kennesaw,34077.0
842,16515,Kennewick,240735.0
843,16517,Kenora,15096.0
844,16518,Kenosha,124972.0
845,16519,Kensington,7971.0
846,16520,Kent,132319.0
847,16525,Kentwood,51898.0
848,16563,Ketchikan,10652.0
849,16567,Kettering,56226.0
850,16574,Key West,31401.0
851,16577,Keyport,6977.0
852,16578,Keyser,6361.0
853,16713,Kiel,246601.0
854,16718,Kigali,1156663.0
855,16773,King of Prussia,21313.0
856,16785,Kingsburg,12108.0
857,16790,Kingsport,119666.0
858,16792,Kingston,580000.0
859,16852,Kirkland,93010.0
860,16870,Kirtland,6812.0
861,16873,Kiruna,26703.0
862,16927,Kitchener,470015.0
863,16930,Kitimat,8131.0
864,16963,Klamath Falls,43246.0
865,17000,Knightdale,17843.0
866,17010,Knoxville,586048.0
867,17343,Kragujevac,150623.0
868,17446,Krum,5036.0
869,17481,Kuala Lumpur,8639000.0
870,17853,La Crosse,100693.0
871,17887,La Grande,15515.0
872,17905,La Laguna,158010.0
873,17925,La Mirada,48183.0
874,17942,La Porte,34976.0
875,17956,La Quinta,41748.0
876,17995,La Vergne,35716.0
877,18045,Lacey,52592.0
878,18052,Lacombe,13057.0
879,18053,Laconia,19371.0
880,18069,Lafayette,264357.0
881,18108,Lagos,15487000.0
882,18114,Laguna Hills,31207.0
883,18124,Lahaina,12776.0
884,18128,Lahore,11148000.0
885,18136,Laie,5704.0
886,18165,Lake Bluff,5562.0
887,18168,Lake Charles,156181.0
888,18169,Lake City,26271.0
889,18174,Lake Elsinore,69283.0
890,18176,Lake Forest,85531.0
891,18177,Lake Forest Park,13504.0
892,18182,Lake Jackson,75860.0
893,18186,Lake Mary,17479.0
894,18188,Lake Mills,6897.0
895,18195,Lake Oswego,39822.0
896,18211,Lake Zurich,19877.0
897,18215,Lakeland,302284.0
898,18227,Lakeville,67317.0
899,18229,Lakewood,157935.0
900,18263,Lambertville,9524.0
901,18295,Lancaster,401524.0
902,18342,Langley,117285.0
903,18355,Lanham,11120.0
904,18362,Lansdale,17083.0
905,18363,Lansdowne,12354.0
906,18364,Lansing,324286.0
907,18389,Laplace,29108.0
908,18401,Laramie,33929.0
909,18412,Laredo,262491.0
910,18415,Largo,84948.0
911,18422,Larkspur,12254.0
912,18424,Larnaca,59200.0
913,18433,Las Cruces,136254.0
914,18446,Las Palmas,378675.0
915,18457,Las Vegas,2104198.0
916,18477,Latrobe,7830.0
917,18500,Launceston,106153.0
918,18504,Laurel,43210.0
919,18514,Lausanne,138905.0
920,18542,Lawrence,98648.0
921,18543,Lawrenceburg,13666.0
922,18544,Lawrenceville,30834.0
923,18545,Lawton,93025.0
924,18549,Layton,78014.0
925,18635,Leadville,5554.0
926,18642,Leavenworth,46192.0
927,18643,Leawood,34727.0
928,18646,Lebanon,78302.0
929,18668,Lee's Summit,99357.0
930,18669,Leeds,789194.0
931,18676,Leesburg,154574.0
932,18693,Lehi,69724.0
933,18696,Lehighton,5313.0
934,18703,Leicester,464395.0
935,18706,Leiden,124899.0
936,18736,Lemgo,40696.0
937,18741,Lemont,17291.0
938,18753,Lenexa,55625.0
939,18766,Lennox,21818.0
940,18769,Lenoir,17913.0
941,18771,Lenox,8877.0
942,18787,Leominster,119690.0
943,18798,Leonia,9035.0
944,18856,Lethbridge,92729.0
945,18870,Leuven,100291.0
946,18887,Lewisburg,12368.0
947,18888,Lewiston,58802.0
948,18890,Lewisville,109212.0
949,18892,Lexington,323152.0
950,18893,Lexington Park,11082.0
951,18928,Liberal,19174.0
952,18936,Liberty,32100.0
953,19015,Lima,8992000.0
954,19033,Limerick,58319.0
955,19047,Lincoln,289490.0
956,19059,Linden,42361.0
957,19066,Lindon,11100.0
958,19107,Linthicum,10442.0
959,19138,Lisbon,506654.0
960,19143,Lisle,23270.0
961,19158,Lititz,9465.0
962,19164,Little Chute,12081.0
963,19170,Little Rock,439815.0
964,19173,Littlehampton,58357.0
965,19176,Littleton,48065.0
966,19200,Livermore,90923.0
967,19201,Liverpool,513441.0
968,19203,Livingston,50826.0
969,19207,Livonia,93665.0
970,19220,Ljubljana,286745.0
971,19240,Lloydminster,31410.0
972,19269,Lockport,34561.0
973,19277,Lodi,74773.0
974,19285,Logan,101616.0
975,19325,Lompoc,52020.0
976,19331,London,11120000.0
977,19339,Long Beach,462628.0
978,19366,Longmont,102474.0
979,19384,Longview,100330.0
980,19435,Lorton,20871.0
981,19437,Los Alamos,12666.0
982,19441,Los Altos,30089.0
983,19442,Los Altos Hills,8423.0
984,19445,Los Angeles,12750807.0
985,19454,Los Gatos,30222.0
986,19498,Loughborough,59932.0
987,19502,Louisville,1005654.0
988,19520,Loveland,78877.0
989,19528,Lowell,110997.0
990,19534,Lower Hutt,103400.0
991,19577,Lubbock,267648.0
992,19597,Lucerne,81691.0
993,19690,Luton,213052.0
994,19700,Luxembourg,128512.0
995,19735,Lynchburg,126814.0
996,19737,Lyndhurst,22298.0
997,19738,Lyndon,11423.0
998,19743,Lynnwood,39141.0
999,19745,Lyon,518635.0
1000,19746,Lyons,10372.0
1001,19844,Maassluis,32768.0
1002,19845,Maastricht,121565.0
1003,19895,Machesney Park,22677.0
1004,19903,Mackay,3659.0
1005,19906,Macomb,18006.0
1006,19908,Macon,153159.0
1007,19930,Madera,84086.0
1008,19936,Madison,447245.0
1009,19937,Madison Heights,29886.0
1010,19939,Madisonville,23580.0
1011,19946,Madrid,6006000.0
1012,19992,Magna,26949.0
1013,20033,Mahomet,13094.0
1014,20038,Mahwah,26275.0
1015,20049,Maidenhead,63580.0
1016,20050,Maidstone,107627.0
1017,20060,Maine,5152.0
1018,20067,Mainz,217123.0
1019,20085,Maitland,17652.0
1020,20214,Malmö,269349.0
1021,20219,Malone,14276.0
1022,20229,Malvern,11851.0
1023,20273,Manasquan,5806.0
1024,20274,Manassas,41085.0
1025,20288,Manchester,547627.0
1026,20301,Mandan,22752.0
1027,20346,Manhasset,7985.0
1028,20347,Manhattan,1628706.0
1029,20356,Manila,23971000.0
1030,20365,Manitowoc,44770.0
1031,20371,Mankato,62889.0
1032,20398,Mansfield,77551.0
1033,20450,Maple Grove,72622.0
1034,20453,Maple Shade,18642.0
1035,20456,Maplewood,40885.0
1036,20462,Maquoketa,6007.0
1037,20586,Marietta,60867.0
1038,20604,Marina,22781.0
1039,20614,Marion,45181.0
1040,20630,Markham,328966.0
1041,20647,Marlborough,39597.0
1042,20651,Marlton,9672.0
1043,20675,Marquette,26491.0
1044,20692,Marseille,868277.0
1045,20695,Marshall,22831.0
1046,20696,Marshalltown,26666.0
1047,20697,Marshfield,25838.0
1048,20716,Martinez,38297.0
1049,20721,Martinsburg,17454.0
1050,20745,Marysville,170009.0
1051,20777,Mascoutah,7994.0
1052,20786,Mashpee,14148.0
1053,20797,Mason,33870.0
1054,20925,Mauldin,133872.0
1055,20929,Maumee,13669.0
1056,20952,Mayagüez,61361.0
1057,21030,McAllen,804114.0
1058,21035,McDonough,26768.0
1059,21044,McKinney,258277.0
1060,21045,McLean,47682.0
1061,21048,McMinnville,42062.0
1062,21054,Mead,7114.0
1063,21060,Meadville,22580.0
1064,21069,Mechanicsburg,8990.0
1065,21071,Mechanicsville,37496.0
1066,21073,Mechelen,86921.0
1067,21090,Medellin,59605.0
1068,21096,Medford,170876.0
1069,21098,Media,5682.0
1070,21103,Medina,1180770.0
1071,21163,Melbourne,4529500.0
1072,21209,Melville,17716.0
1073,21215,Memphis,1066967.0
1074,21219,Menasha,17873.0
1075,21233,Mendota Heights,11343.0
1076,21256,Menlo Park,34698.0
1077,21259,Menomonee Falls,38014.0
1078,21260,Menomonie,18159.0
1079,21265,Mentor,47262.0
1080,21285,Merced,145149.0
1081,21300,Meriden,59395.0
1082,21301,Meridian,114161.0
1083,21316,Merrimack,25987.0
1084,21318,Merritt Island,36532.0
1085,21331,Mesa,518012.0
1086,21350,Metairie,142135.0
1087,21377,Mexico City,21505000.0
1088,21412,Miami,6445545.0
1089,21413,Miami Beach,88885.0
1090,21449,Middleburg,14111.0
1091,21450,Middleburg Heights,15432.0
1092,21454,Middlesbrough,140545.0
1093,21457,Middleton,20034.0
1094,21459,Middletown,97730.0
1095,21461,Midland,154793.0
1096,21463,Midlothian,33532.0
1097,21514,Milan,1366180.0
1098,21522,Milford,54328.0
1099,21534,Mill Valley,14259.0
1100,21542,Milledgeville,31471.0
1101,21555,Millville,27391.0
1102,21559,Milpitas,84196.0
1103,21562,Milton Keynes,207057.0
1104,21565,Milwaukee,1365787.0
1105,21626,Minneapolis,2977172.0
1106,21629,Minnetonka,54064.0
1107,21635,Minot,49425.0
1108,21710,Mishawaka,50363.0
1109,21719,Mission,84331.0
1110,21721,Mission Viejo,590249.0
1111,21722,Mississauga,721599.0
1112,21724,Missoula,92895.0
1113,21735,Mitchell,15679.0
1114,21806,Mobile,315502.0
1115,21823,Modesto,383134.0
1116,21893,Moline,41356.0
1117,21926,Moncton,108620.0
1118,21959,Mono,8609.0
1119,21965,Monroe,112891.0
1120,21967,Monrovia,1021762.0
1121,22104,Monterey,28178.0
1122,22126,Montevideo,1319108.0
1123,22133,Montgomery,254634.0
1124,22135,Montgomeryville,13082.0
1125,22138,Monticello,27665.0
1126,22164,Montpelier,7372.0
1127,22165,Montpellier,290053.0
1128,22171,Montrose,23478.0
1129,22173,Montréal,3519595.0
1130,22176,Montvale,8570.0
1131,22194,Mooresville,39132.0
1132,22195,Moorhead,43652.0
1133,22202,Moose Jaw,33890.0
1134,22241,Morehead,8044.0
1135,22250,Morgan Hill,45952.0
1136,22253,Morgantown,72458.0
1137,22282,Morris,22268.0
1138,22283,Morris Plains,6255.0
1139,22285,Morristown,61171.0
1140,22286,Morrisville,28846.0
1141,22288,Morro Bay,10543.0
1142,22316,Moscow,17693000.0
1143,22388,Mount Gambier,25512.0
1144,22399,Mount Laurel,41422.0
1145,22405,Mount Pleasant,91684.0
1146,22407,Mount Prospect,53719.0
1147,22412,Mount Vernon,71422.0
1148,22421,Mountain View,82739.0
1149,22422,Mountainside,6885.0
1150,22423,Mountlake Terrace,21338.0
1151,22537,Mumbai,22186000.0
1152,22547,Muncie,87879.0
1153,22562,Munich,1488202.0
1154,22589,Murfreesboro,179951.0
1155,22610,Murray,48917.0
1156,22616,Murrieta,496046.0
1157,22628,Muscatine,26168.0
1158,22635,Muskego,25127.0
1159,22636,Muskegon,153565.0
1160,22776,Münster,316403.0
1161,22820,Naas,21393.0
1162,22906,Nairobi,5545000.0
1163,22978,Nampa,184428.0
1164,22989,Nanaimo,90504.0
1165,23032,Nantes,314138.0
1166,23034,Nanticoke,10312.0
1167,23039,Nantucket,11168.0
1168,23055,Napa,85239.0
1169,23058,Naperville,148449.0
1170,23059,Napier,62241.0
1171,23061,Naples,966144.0
1172,23097,Narragansett,15500.0
1173,23114,Nashua,233917.0
1174,23115,Nashville,1081903.0
1175,23118,Nassau,274400.0
1176,23132,Natick,36128.0
1177,23230,Needham,30970.0
1178,23232,Neenah,26300.0
1179,23291,Neptune,27563.0
1180,23292,Neptune Beach,7259.0
1181,23392,Nevada,8699.0
1182,23404,New Albany,36843.0
1183,23407,New Bedford,149910.0
1184,23408,New Berlin,39691.0
1185,23409,New Bern,51308.0
1186,23411,New Braunfels,90209.0
1187,23414,New Britain,72495.0
1188,23415,New Brunswick,55676.0
1189,23421,New Castle,38930.0
1190,23422,New City,35101.0
1191,23434,New Haven,564830.0
1192,23437,New Hope,20907.0
1193,23441,New Kensington,12292.0
1194,23443,New Lenox,26926.0
1195,23444,New London,26858.0
1196,23450,New Orleans,1020886.0
1197,23451,New Paltz,14162.0
1198,23454,New Plymouth,53988.0
1199,23467,New Tecumseth,41439.0
1200,23468,New Ulm,13212.0
1201,23473,New York,18713220.0
1202,23474,Newark,282011.0
1203,23476,Newberg,29225.0
1204,23480,Newburgh,30905.0
1205,23481,Newbury,41075.0
1206,23482,Newburyport,18289.0
1207,23483,Newcastle,300196.0
1208,23492,Newnan,41581.0
1209,23493,Newport,145700.0
1210,23494,Newport Beach,84534.0
1211,23496,Newport News,179225.0
1212,23498,Newton,88414.0
1213,23502,Newtown,27822.0
1214,23521,Niagara Falls,308596.0
1215,23537,Nicosia,330000.0
1216,23587,Nijmegen,177659.0
1217,23602,Niles,28938.0
1218,23641,Niskayuna,22267.0
1219,23690,Noble,7053.0
1220,23691,Noblesville,64668.0
1221,23721,Nola,34467.0
1222,23732,None,8015.0
1223,23751,Noordwijk,42859.0
1224,23761,Norcross,16592.0
1225,23778,Norfolk,242742.0
1226,23780,Normal,54469.0
1227,23781,Norman,124880.0
1228,23786,Norristown,34341.0
1229,23791,North Adams,17153.0
1230,23793,North Andover,30842.0
1231,23801,North Bay,51553.0
1232,23807,North Bergen,61619.0
1233,23816,North Charleston,115382.0
1234,23817,North Chicago,29615.0
1235,23828,North East,6264.0
1236,23841,North Haven,23722.0
1237,23842,North Hempstead,230531.0
1238,23862,North Mankato,13948.0
1239,23865,North Miami,62822.0
1240,23877,North Plainfield,21289.0
1241,23878,North Platte,24098.0
1242,23879,North Port,209070.0
1243,23882,North Reading,15581.0
1244,23918,Northampton,212100.0
1245,23921,Northbrook,32958.0
1246,23927,Northfield,22325.0
1247,23930,Northlake,12161.0
1248,23935,Northville,5958.0
1249,23940,Norton Shores,24664.0
1250,23942,Norwalk,103949.0
1251,23944,Norwich,200289.0
1252,23967,Nottingham,289301.0
1253,24033,Novato,55516.0
1254,24048,Novi,60896.0
1255,24183,Nuremberg,515543.0
1256,24199,Nyack,7156.0
1257,24302,O'Fallon,88673.0
1258,24306,Oak Brook,8016.0
1259,24316,Oak Park,52381.0
1260,24319,Oak Ridge,29156.0
1261,24320,Oakbrook,9023.0
1262,24324,Oakland,433031.0
1263,24330,Oakville,193832.0
1264,24411,Ocean,26709.0
1265,24418,Ocean Springs,17862.0
1266,24422,Oceanside,175742.0
1267,24434,Oconomowoc,16981.0
1268,24498,Ogden,578523.0
1269,24542,Okinawa,142094.0
1270,24544,Oklahoma City,972943.0
1271,24555,Olathe,140545.0
1272,24583,Olean,20755.0
1273,24634,Olney,35191.0
1274,24651,Olympia,200915.0
1275,24659,Omaha,847819.0
1276,24709,Ontario,185010.0
1277,24723,Opelika,30908.0
1278,24751,Orange,138669.0
1279,24756,Orange Park,8824.0
1280,24760,Orangevale,34824.0
1281,24785,Oregon,20055.0
1282,24786,Oregon City,37339.0
1283,24790,Orem,97828.0
1284,24798,Orillia,31166.0
1285,24814,Orlando,1822394.0
1286,24823,Orléans,116238.0
1287,24826,Ormond Beach,43759.0
1288,24837,Orono,10776.0
1289,24878,Osceola,7085.0
1290,24888,Oshkosh,75536.0
1291,24895,Oslo,693494.0
1292,24945,Oswego,37420.0
1293,24973,Ottawa,989567.0
1294,25106,Overland Park,195494.0
1295,25119,Owen Sound,31820.0
1296,25120,Owensboro,74068.0
1297,25122,Owings Mills,35081.0
1298,25128,Oxford,152000.0
1299,25130,Oxnard,387647.0
1300,25181,Pacifica,38546.0
1301,25207,Paducah,48481.0
1302,25281,Palatine,67482.0
1303,25292,Palermo,800000.0
1304,25309,Palm Beach,8816.0
1305,25312,Palm Coast,417007.0
1306,25316,Palm Springs,48518.0
1307,25333,Palmdale,155079.0
1308,25359,Palmyra,7589.0
1309,25363,Palo Alto,65364.0
1310,25479,Paragould,28986.0
1311,25494,Paramus,26264.0
1312,25545,Paris,11027000.0
1313,25546,Park City,15061.0
1314,25552,Parker,57706.0
1315,25564,Parma,195687.0
1316,25578,Parry Sound,6408.0
1317,25594,Pasadena,151227.0
1318,25598,Pascagoula,48869.0
1319,25600,Pasco,75432.0
1320,25615,Passaic,69703.0
1321,25616,Passau,52469.0
1322,25637,Patchogue,12321.0
1323,25643,Paterson,145233.0
1324,25728,Peabody,53070.0
1325,25729,Peace River,6842.0
1326,25736,Pearl City,45605.0
1327,25826,Pelham,23911.0
1328,25843,Pembroke,18380.0
1329,25858,Pendleton,17398.0
1330,25880,Pensacola,346921.0
1331,25883,Penticton,33761.0
1332,25894,Peoria,256286.0
1333,25948,Perrysburg,21626.0
1334,25953,Perth,2039200.0
1335,25987,Petaluma,66929.0
1336,25992,Peterborough,194000.0
1337,26003,Petoskey,8334.0
1338,26094,Philadelphia,5649300.0
1339,26104,Phnom Penh,2129371.0
1340,26105,Phoenix,4219697.0
1341,26106,Phoenixville,16968.0
1342,26249,Pinehurst,45935.0
1343,26289,Pinole,19250.0
1344,26364,Piscataway,56884.0
1345,26392,Pittsburg,72588.0
1346,26393,Pittsburgh,1703266.0
1347,26394,Pittsfield,55697.0
1348,26425,Plainfield,50317.0
1349,26444,Plano,287677.0
1350,26445,Plant City,39744.0
1351,26446,Plantation,94580.0
1352,26455,Platte City,9462.0
1353,26457,Platteville,12100.0
1354,26459,Plattsburgh,28740.0
1355,26470,Pleasant Grove,38258.0
1356,26471,Pleasant Hill,34839.0
1357,26476,Pleasanton,81777.0
1358,26521,Plymouth,267918.0
1359,26522,Plymouth Meeting,6947.0
1360,26533,Pocatello,72878.0
1361,26626,Pollock Pines,7156.0
1362,26653,Pomfret,14056.0
1363,26657,Pomona,151691.0
1364,26659,Pompano Beach,112118.0
1365,26733,Poole,144800.0
1366,26734,Pooler,25694.0
1367,26784,Port Chester,29163.0
1368,26787,Port Coquitlam,58612.0
1369,26815,Port Orchard,14597.0
1370,26827,Port Washington,15808.0
1371,26840,Portage,49445.0
1372,26858,Portland,2074775.0
1373,26895,Portsmouth,248440.0
1374,26903,Posen,5865.0
1375,26924,Potomac,45940.0
1376,26928,Potsdam,182112.0
1377,26931,Pottstown,108758.0
1378,26934,Poughkeepsie,394760.0
1379,26935,Poulsbo,11168.0
1380,27039,Prescott,44299.0
1381,27060,Preston,141801.0
1382,27094,Prince George,74003.0
1383,27099,Princeton,32299.0
1384,27103,Prineville,12650.0
1385,27134,Prospect Park,6492.0
1386,27141,Providence,1203230.0
1387,27145,Provo,500617.0
1388,27190,Pueblo,143932.0
1389,27278,Pulaski,15407.0
1390,27287,Pullman,34506.0
1391,27358,Puyallup,42361.0
1392,27593,Quakertown,8784.0
1393,27618,Quebec City,705103.0
1394,27621,Queen Creek,50890.0
1395,27622,Queens,2230722.0
1396,27623,Queensbury,27456.0
1397,27669,Quincy,94470.0
1398,27691,Quito,2011388.0
1399,27737,Racine,130142.0
1400,27752,Radnor,31820.0
1401,27805,Raleigh,1038738.0
1402,27842,Rancho Cucamonga,177603.0
1403,27847,Rancho Santa Margarita,47896.0
1404,27873,Rapid City,92664.0
1405,27880,Raritan,22129.0
1406,27934,Raymond,10428.0
1407,27939,Raynham,14196.0
1408,27955,Reading,267155.0
1409,27974,Red Bank,11966.0
1410,27978,Red Deer,100418.0
1411,27980,Red Hook,11154.0
1412,27989,Redding,121313.0
1413,27995,Redlands,71513.0
1414,27997,Redmond,71929.0
1415,28006,Redwood City,85925.0
1416,28015,Regensburg,152610.0
1417,28027,Regina,215106.0
1418,28042,Reidsville,13987.0
1419,28045,Reims,182211.0
1420,28082,Reno,445020.0
1421,28088,Renton,101751.0
1422,28111,Reston,61147.0
1423,28127,Rexburg,30979.0
1424,28131,Reynoldsburg,38327.0
1425,28208,Richardson,121323.0
1426,28211,Richfield,36354.0
1427,28212,Richland,58225.0
1428,28215,Richmond,1075798.0
1429,28227,Ridgecrest,32684.0
1430,28228,Ridgefield,25042.0
1431,28229,Ridgefield Park,12901.0
1432,28251,Riga,614618.0
1433,28274,Ringwood,12198.0
1434,28308,Rio Rancho,99178.0
1435,28323,Rio de Janeiro,12486000.0
1436,28348,Ripon,16386.0
1437,28371,River Grove,9883.0
1438,28379,Riverdale,15594.0
1439,28383,Riverside,2107852.0
1440,28385,Riverview,95338.0
1441,28404,Roanoke,214674.0
1442,28449,Rochester,703952.0
1443,28450,Rochester Hills,74516.0
1444,28453,Rock Hill,119105.0
1445,28454,Rock Island,37176.0
1446,28455,Rock Springs,25913.0
1447,28460,Rockford,282762.0
1448,28463,Rockland,17953.0
1449,28467,Rockport,19743.0
1450,28469,Rockville,68079.0
1451,28470,Rockville Centre,24550.0
1452,28473,Rocky Hill,20168.0
1453,28508,Rogers,68669.0
1454,28514,Rohnert Park,43291.0
1455,28530,Rolla,21059.0
1456,28534,Rolling Meadows,23532.0
1457,28547,Rome,2872800.0
1458,28549,Romeoville,39746.0
1459,28575,Ronkonkoma,18309.0
1460,28613,Roselle,22463.0
1461,28617,Rosemont,23602.0
1462,28618,Rosemount,25207.0
1463,28626,Roseville,141500.0
1464,28657,Roswell,94763.0
1465,28682,Rotterdam,631155.0
1466,28692,Round Rock,133372.0
1467,28718,Roxboro,9599.0
1468,28777,Rugby,70627.0
1469,28812,Rupert,6733.0
1470,28841,Rutland,18131.0
1471,28859,Rye Brook,9521.0
1472,28979,Saarbrücken,179349.0
1473,29034,Sacramento,1898019.0
1474,29041,Saddle Brook,13845.0
1475,29047,Safford,19987.0
1476,29065,Saginaw,117958.0
1477,29106,Saint Petersburg,5384342.0
1478,29394,Salamanca,327169.0
1479,29415,Salem,693236.0
1480,29437,Salina,46550.0
1481,29439,Salinas,190972.0
1482,29442,Saline,9343.0
1483,29444,Salisbury,106447.0
1484,29452,Salmon Arm,17706.0
1485,29466,Salt Lake City,1098526.0
1486,29491,Salzburg,155021.0
1487,29579,San Angelo,101004.0
1488,29584,San Antonio,2049293.0
1489,29605,San Bernardino,215784.0
1490,29613,San Bruno,42807.0
1491,29616,San Carlos,132650.0
1492,29630,San Clemente,64558.0
1493,29641,San Diego,3220118.0
1494,29674,San Francisco,3592294.0
1495,29736,San Jose,1798103.0
1496,29759,San Juan,471389.0
1497,29808,San Luis Obispo,62290.0
1498,29821,San Marcos,96664.0
1499,29823,San Marino,13048.0
1500,29839,San Mateo,273306.0
1501,29914,San Rafael,107997.0
1502,29920,San Ramon,75995.0
1503,30001,Sandpoint,13145.0
1504,30009,Sandy,96380.0
1505,30010,Sandy Springs,109452.0
1506,30012,Sanford,61448.0
1507,30086,Santa Ana,332318.0
1508,30093,Santa Barbara,202401.0
1509,30109,Santa Clara,247436.0
1510,30112,Santa Clarita,312446.0
1511,30120,Santa Cruz,3151676.0
1512,30148,Santa Fe,405683.0
1513,30235,Santa Monica,90401.0
1514,30247,Santa Rosa,414812.0
1515,30295,Santee,58081.0
1516,30300,Santiago,7026000.0
1517,30411,Sapporo,1961690.0
1518,30425,Saranac Lake,7404.0
1519,30439,Sarasota,722243.0
1520,30442,Saratoga,30153.0
1521,30443,Saratoga Springs,68028.0
1522,30502,Saskatoon,246376.0
1523,30549,Sault Ste. Marie,73368.0
1524,30554,Sausalito,7068.0
1525,30565,Savannah,276295.0
1526,30625,Schaan,5998.0
1527,30633,Schaumburg,72887.0
1528,30639,Schenectady,65273.0
1529,30785,Scotts Valley,11757.0
1530,30786,Scottsbluff,25114.0
1531,30789,Scottsdale,258069.0
1532,30790,Scranton,384250.0
1533,30795,SeaTac,29044.0
1534,30797,Seabrook,18616.0
1535,30807,Seattle,3789215.0
1536,30811,Sebastopol,7674.0
1537,30821,Secaucus,21893.0
1538,30844,Seekonk,15441.0
1539,30940,Seneca,27439.0
1540,31081,Seven Hills,11590.0
1541,31111,Seymour,23598.0
1542,31147,Shaker Heights,27027.0
1543,31152,Shakopee,41570.0
1544,31170,Shanghai,22118000.0
1545,31211,Sharon,18526.0
1546,31225,Shawnee,65807.0
1547,31240,Sheboygan,69393.0
1548,31245,Sheffield,518090.0
1549,31249,Shelby,26973.0
1550,31253,Shelton,41129.0
1551,31280,Sherbrooke,161323.0
1552,31283,Sherman,70704.0
1553,31401,Shoreline,57027.0
1554,31403,Shorewood,17509.0
1555,31411,Shreveport,280062.0
1556,31412,Shrewsbury,71715.0
1557,31556,Sidney,21148.0
1558,31574,Sierra Vista,51731.0
1559,31627,Siloam Springs,21975.0
1560,31641,Silver Spring,81773.0
1561,31644,Silverdale,21677.0
1562,31646,Silverton,11068.0
1563,31665,Simi Valley,126589.0
1564,31678,Simsbury,24799.0
1565,31695,Singapore,5271000.0
1566,31702,Singleton,5000.0
1567,31726,Sint-Niklaas,76756.0
1568,31740,Sioux Falls,187239.0
1569,31823,Skokie,62700.0
1570,31829,Skowhegan,8260.0
1571,31853,Sliedrecht,25026.0
1572,31855,Sligo,19199.0
1573,31866,Slough,119070.0
1574,31884,Smithers,5351.0
1575,31888,Smiths Station,5391.0
1576,31895,Smyrna,56666.0
1577,31905,Snohomish,10154.0
1578,31906,Snoqualmie,26289.0
1579,31939,Sofia,1277411.0
1580,32002,Solon,22779.0
1581,32006,Solothurn,16777.0
1582,32035,Somers Point,10174.0
1583,32036,Somerset,30053.0
1584,32039,Somerville,81360.0
1585,32068,Sonoma,33831.0
1586,32140,Souderton,7082.0
1587,32167,South Bend,280498.0
1588,32174,South Burlington,19509.0
1589,32180,South Elgin,24755.0
1590,32190,South Hadley,17703.0
1591,32203,South Jordan,76598.0
1592,32206,South Lake Tahoe,30188.0
1593,32216,South Molton,5108.0
1594,32229,South Portland,25532.0
1595,32234,South San Francisco,67789.0
1596,32239,South Sioux City,12809.0
1597,32257,Southampton,271173.0
1598,32269,Southfield,72689.0
1599,32271,Southington,43781.0
1600,32306,Sparks,105006.0
1601,32307,Sparta,18720.0
1602,32308,Spartanburg,182701.0
1603,32341,Spokane,412275.0
1604,32350,Spring,60976.0
1605,32362,Springdale,81125.0
1606,32365,Springfield,623401.0
1607,32401,St. Catharines,309319.0
1608,32402,St. Charles,71028.0
1609,32407,St. Cloud,115028.0
1610,32410,St. George,120899.0
1611,32415,St. John's,108860.0
1612,32416,St. Johns,8510.0
1613,32418,St. Joseph,79161.0
1614,32419,St. Louis,2024074.0
1615,32420,St. Louis Park,48662.0
1616,32423,St. Marys,37556.0
1617,32426,St. Paul,308096.0
1618,32431,St. Petersburg,265351.0
1619,32436,St. Thomas,61707.0
1620,32448,Stafford,70592.0
1621,32457,Stamford,129638.0
1622,32460,Stanford,16326.0
1623,32469,Stanwood,7354.0
1624,32489,Starkville,32546.0
1625,32511,State College,87723.0
1626,32512,Staten Island,476143.0
1627,32513,Statesboro,42102.0
1628,32519,Staunton,59433.0
1629,32529,Steamboat Springs,14087.0
1630,32542,Steinbach,15829.0
1631,32564,Sterling,30271.0
1632,32565,Sterling Heights,132438.0
1633,32569,Stevenage,89663.0
1634,32570,Stevens Point,42837.0
1635,32581,Stillwater,50299.0
1636,32590,Stockholm,975819.0
1637,32593,Stockton,397264.0
1638,32605,Stone Mountain,6281.0
1639,32625,Storrs,16352.0
1640,32627,Stoughton,28639.0
1641,32631,Stowe,6197.0
1642,32646,Stratford,52120.0
1643,32649,Stratham,7427.0
1644,32662,Streamwood,39228.0
1645,32679,Stroudsburg,5558.0
1646,32700,Sturbridge,9539.0
1647,32704,Sturtevant,6652.0
1648,32705,Stuttgart,630305.0
1649,32731,Sudbury,88054.0
1650,32744,Suffolk,92108.0
1651,32761,Suitland,24522.0
1652,32809,Summit,21897.0
1653,32815,Sumter,71518.0
1654,32822,Sun Prairie,34661.0
1655,32823,Sun Valley,21159.0
1656,32847,Sunnyvale,152703.0
1657,32848,Sunrise,95166.0
1658,32863,Superior,25977.0
1659,32887,Surrey,517887.0
1660,32901,Sussex,10981.0
1661,32915,Suwanee,20907.0
1662,32966,Swampscott,15002.0
1663,32969,Swansea,16567.0
1664,32982,Swindon,222193.0
1665,32991,Sydney,4840600.0
1666,33003,Syracuse,404223.0
1667,33366,Tacoma,217827.0
1668,33497,Takoma Park,17725.0
1669,33548,Tallahassee,257601.0
1670,33550,Tallinn,438341.0
1671,33552,Tallmadge,17519.0
1672,33607,Tampa,2908063.0
1673,33779,Tarrytown,11370.0
1674,33835,Taunton,60479.0
1675,33870,Taylorsville,59805.0
1676,33937,Tehachapi,14928.0
1677,33964,Telford,142723.0
1678,33984,Temecula,114761.0
1679,33992,Tempe,195805.0
1680,34064,Teramo,54338.0
1681,34105,Terre Haute,92490.0
1682,34107,Terrell,18869.0
1683,34141,Tewksbury,31098.0
1684,34142,Texarkana,77964.0
1685,34199,The Dalles,20442.0
1686,34200,The Hague,537833.0
1687,34209,The Woodlands,113819.0
1688,34251,Thornton,141464.0
1689,34256,Thousand Oaks,215029.0
1690,34260,Three Rivers,10560.0
1691,34267,Thunder Bay,107909.0
1692,34332,Tifton,24466.0
1693,34334,Tigard,55514.0
1694,34361,Timaru,27501.0
1695,34405,Tinley Park,55773.0
1696,34411,Tinton Falls,17451.0
1697,34463,Titusville,57891.0
1698,34567,Tokyo,39105000.0
1699,34571,Toledo,482111.0
1700,34652,Topeka,147458.0
1701,34688,Toronto,5429524.0
1702,34693,Torquay,13258.0
1703,34694,Torrance,143592.0
1704,34727,Torrington,40003.0
1705,34774,Toulouse,486828.0
1706,34798,Townsville,178649.0
1707,34799,Towson,57817.0
1708,34817,Tracy,100049.0
1709,34849,Traverse City,50522.0
1710,34885,Trenton,290716.0
1711,34908,Triangle,8972.0
1712,34929,Trinidad,101454.0
1713,34958,Trondheim,183378.0
1714,34971,Troy,84092.0
1715,34978,Truckee,16735.0
1716,34982,Trumbull,35976.0
1717,34984,Truro,21555.0
1718,34987,Truth or Consequences,7035.0
1719,35058,Tualatin,27837.0
1720,35082,Tucker,36395.0
1721,35083,Tucson,888486.0
1722,35105,Tukwila,20347.0
1723,35119,Tulsa,671033.0
1724,35140,Tumwater,24024.0
1725,35166,Tupelo,45466.0
1726,35187,Turin,870952.0
1727,35191,Turku,187604.0
1728,35211,Tuscaloosa,155499.0
1729,35215,Tustin,79348.0
1730,35248,Twentynine Palms,26073.0
1731,35249,Twin Falls,55556.0
1732,35258,Tyler,143796.0
1733,35271,Tysons,24261.0
1734,35431,Uedem,8281.0
1735,35464,Ukiah,29561.0
1736,35482,Ulm,126405.0
1737,35533,Union,58297.0
1738,35540,Uniondale,32007.0
1739,35547,University City,34165.0
1740,35549,University Park,26620.0
1741,35603,Upper Hutt,41000.0
1742,35622,Uppsala,165456.0
1743,35638,Urbana,42214.0
1744,35733,Utica,112650.0
1745,35740,Utrecht,343779.0
1746,35757,Uxbridge,21176.0
1747,35792,Vail,12982.0
1748,35819,Valdosta,79820.0
1749,35826,Valencia,1484430.0
1750,35869,Vallejo,173256.0
1751,35892,Valparaiso,33897.0
1752,35908,Vancouver,2264823.0
1753,36086,Venice,261321.0
1754,36159,Vernal,19893.0
1755,36165,Vernon,44600.0
1756,36172,Verona,257275.0
1757,36196,Vestal,28352.0
1758,36246,Vicksburg,26340.0
1759,36254,Victoria,335696.0
1760,36284,Vienna,1911191.0
1761,36399,Villa Park,21483.0
1762,36545,Vilnius,574147.0
1763,36561,Vincennes,49635.0
1764,36565,Vine Grove,6439.0
1765,36566,Vineland,93239.0
1766,36595,Virginia,12381.0
1767,36596,Virginia Beach,1478868.0
1768,36813,Västerås,128534.0
1769,36864,Waco,192315.0
1770,36904,Wailuku,17708.0
1771,36927,Wake Forest,45629.0
1772,36929,Wakefield,99251.0
1773,36966,Walla Walla,57860.0
1774,36978,Wallingford,44596.0
1775,36985,Walnut Creek,70166.0
1776,36988,Walpole,25129.0
1777,36995,Waltham,62495.0
1778,37062,Warminster,32489.0
1779,37064,Warner Robins,155140.0
1780,37068,Warren,133943.0
1781,37072,Warrenton,10027.0
1782,37073,Warrenville,13174.0
1783,37078,Warsaw,1790658.0
1784,37083,Warwick,81004.0
1785,37088,Washington,5379184.0
1786,37107,Waterbury,189614.0
1787,37108,Waterford,48369.0
1788,37109,Waterloo,111631.0
1789,37110,Watertown,53163.0
1790,37112,Waterville,27054.0
1791,37118,Watsonville,77352.0
1792,37127,Wauconda,13504.0
1793,37129,Waukegan,86075.0
1794,37130,Waukesha,72299.0
1795,37134,Wausau,73593.0
1796,37138,Waverly,24201.0
1797,37147,Wayland,13802.0
1798,37148,Wayne,53954.0
1799,37149,Waynesboro,26694.0
1800,37165,Weehawken,14604.0
1801,37167,Weert,49842.0
1802,37224,Welland,52293.0
1803,37226,Wellesley,28747.0
1804,37227,Wellington,418500.0
1805,37229,Wells,10536.0
1806,37236,Welwyn Garden City,48380.0
1807,37258,Wentzville,41784.0
1808,37296,West Bend,69504.0
1809,37301,West Bridgewater,7198.0
1810,37307,West Chester,20029.0
1811,37316,West Des Moines,67899.0
1812,37326,West Greenwich,6224.0
1813,37329,West Hartford,63063.0
1814,37337,West Hollywood,36475.0
1815,37340,West Lafayette,50996.0
1816,37356,West Mifflin,19699.0
1817,37364,West Orange,47359.0
1818,37365,West Palm Beach,111955.0
1819,37384,West Springfield,28517.0
1820,37385,West St. Paul,19961.0
1821,37400,Westampton,8672.0
1822,37402,Westbrook,19074.0
1823,37405,Westchester,29778.0
1824,37410,Westerly,22544.0
1825,37414,Westerville,41103.0
1826,37416,Westfield,43649.0
1827,37417,Westford,24342.0
1828,37420,Westlake,32032.0
1829,37421,Westlake Village,8217.0
1830,37425,Westminster,255324.0
1831,37432,Westport,28016.0
1832,37437,Westwood,16136.0
1833,37454,Weymouth,57746.0
1834,37464,Wheaton,52745.0
1835,37466,Wheeling,75392.0
1836,37470,Whistler,11854.0
1837,37483,White Oak,19271.0
1838,37484,White Plains,58109.0
1839,37488,Whitefish Bay,13783.0
1840,37491,Whitehorse,25085.0
1841,37497,Whitewater,14895.0
1842,37513,Wichita,482249.0
1843,37514,Wichita Falls,104683.0
1844,37547,Wilbraham,14638.0
1845,37562,Wilkes-Barre,40766.0
1846,37574,Williamsburg,80441.0
1847,37577,Williamston,6498.0
1848,37578,Williamstown,14641.0
1849,37586,Williston,29844.0
1850,37603,Wilmington,255616.0
1851,37615,Wilton,18463.0
1852,37623,Winchester,74417.0
1853,37628,Windham,24655.0
1854,37633,Windsor,276165.0
1855,37634,Windsor Locks,12671.0
1856,37641,Winkler,12660.0
1857,37645,Winnetka,12316.0
1858,37646,Winnipeg,705244.0
1859,37647,Winona,29601.0
1860,37653,Winston-Salem,422269.0
1861,37657,Winter Haven,267069.0
1862,37658,Winter Park,30825.0
1863,37670,Winton,11288.0
1864,37705,Wixom,14049.0
1865,37707,Woburn,40228.0
1866,37714,Woking,62796.0
1867,37715,Wokingham,46745.0
1868,37734,Wollongong,261896.0
1869,37739,Wolverhampton,250970.0
1870,37747,Wood Dale,13607.0
1871,37750,Woodbridge,100089.0
1872,37759,Woodhaven,12469.0
1873,37761,Woodinville,13263.0
1874,37763,Woodland,60598.0
1875,37774,Woodstock,40902.0
1876,37782,Woonsocket,41751.0
1877,37783,Wooster,30750.0
1878,37785,Worcester,498328.0
1879,37794,Worthington,14692.0
1880,37803,Wright,23965.0
1881,37844,Wyandotte,24859.0
1882,37854,Wyomissing,10635.0
1883,37867,Würzburg,127880.0
1884,38059,Yakima,133191.0
1885,38219,Yellowknife,19569.0
1886,38313,Yonkers,200370.0
1887,38319,York,233184.0
1888,38321,Yorkshire,9639.0
1889,38339,Youngstown,378732.0
1890,38348,Ypsilanti,20171.0
1891,38380,Yuma,142847.0
1892,38447,Zachary,17949.0
1893,38464,Zagreb,790017.0
1894,38763,Zion,23487.0
1895,38831,Zug,30542.0
1896,38873,Zwolle,124914.0
1897,38885,Zürich,434008.0
